baseline_row	baseline_col	row_immediate_row	row_immediate_col	column_immediate_row	column_immediate_col
1	1	1	1	1	1
2	3	2	3	3	2
4	5	4	5	5	4
7	8	7	8	8	7
9	11	9	11	11	9
13	14	13	14	14	13
15	17	15	17	17	15
18	19	18	19	19	18
23	24	23	24	24	23
25	26	25	26	26	25
29	30	29	30	30	29
31	33	31	33	33	31
36	37	36	37	37	36
40	41	40	41	41	40
42	43	42	43	43	42
46	47	46	47	47	46
49	50	49	50	50	49
51	53	51	53	53	51
55	57	55	57	57	55
58	59	58	59	59	58
61	62	61	62	62	61
63	64	63	64	64	63
67	70	67	70	70	67
71	73	71	73	73	71
78	79	78	79	79	78
80	81	80	81	81	80
83	84	83	84	84	83
85	88	85	88	88	85
89	91	89	91	91	89
92	95	92	95	95	92
97	101	97	101	101	97
102	103	102	103	103	102
105	107	105	107	107	105
109	110	109	110	110	109
111	112	111	112	112	111
113	116	113	116	116	113
117	121	117	121	121	117
122	123	122	123	123	122
127	129	127	129	129	127
130	131	130	131	131	130
134	135	134	135	135	134
136	137	136	137	137	136
139	141	139	141	141	139
142	149	142	149	149	142
150	151	150	151	151	150
152	154	152	154	154	152
156	157	156	157	157	156
159	160	159	160	160	159
161	163	161	163	163	161
166	167	166	167	167	166
169	170	169	170	170	169
173	175	173	175	175	173
177	178	177	178	178	177
179	181	179	181	181	179
185	186	185	186	186	185
187	191	187	191	191	187
192	193	192	193	193	192
194	195	194	195	195	194
196	197	196	197	197	196
199	203	199	203	203	199
204	205	204	205	205	204
207	208	207	208	208	207
209	211	209	211	211	209
215	217	215	217	217	215
218	219	218	219	219	218
222	223	222	223	223	222
225	226	225	226	226	225
227	229	227	229	229	227
233	235	233	235	235	233
237	238	237	238	238	237
239	241	239	241	241	239
243	244	243	244	244	243
250	251	250	251	251	250
254	257	254	257	257	254
260	261	260	261	261	260
263	264	263	264	264	263
265	266	265	266	266	265
268	269	268	269	269	268
271	272	271	272	272	271
273	277	273	277	277	273
278	279	278	279	279	278
281	283	281	283	283	281
284	286	284	286	286	284
289	293	289	293	293	289
294	295	294	295	295	294
296	299	296	299	299	296
300	303	300	303	303	300
304	307	304	307	307	304
309	310	309	310	310	309
311	313	311	313	313	311
317	318	317	318	318	317
321	323	321	323	323	321
325	328	325	328	328	325
330	331	330	331	331	330
332	337	332	337	337	332
343	344	343	344	344	343
345	346	345	346	346	345
347	348	347	348	348	347
349	353	349	353	353	349
354	357	354	357	357	354
358	359	358	359	359	358
361	363	361	363	363	361
365	367	365	367	367	365
370	373	370	373	373	370
374	375	374	375	375	374
376	377	376	377	377	376
378	379	378	379	379	378
383	384	383	384	384	383
385	388	385	388	388	385
389	393	389	393	393	389
395	397	395	397	397	395
398	401	398	401	401	398
403	405	403	405	405	403
407	409	407	409	409	407
411	414	411	414	414	411
418	419	418	419	419	418
420	421	420	421	421	420
424	427	424	427	427	424
430	431	430	431	431	430
433	435	433	435	435	433
436	439	436	439	439	436
441	442	441	442	442	441
443	444	443	444	444	443
447	449	447	449	449	447
451	453	451	453	453	451
454	455	454	455	455	454
457	459	457	459	459	457
461	463	461	463	463	461
465	466	465	466	466	465
467	469	467	469	469	467
471	472	471	472	472	471
473	474	473	474	474	473
478	479	478	479	479	478
480	486	480	486	486	480
487	489	487	489	489	487
491	494	491	494	494	491
496	497	496	497	497	496
499	500	499	500	500	499
501	503	501	503	503	501
505	508	505	508	508	505
509	512	509	512	512	509
515	517	515	517	517	515
518	520	518	520	520	518
521	523	521	523	523	521
526	529	526	529	529	526
530	534	530	534	534	530
535	541	535	541	541	535
542	543	542	543	543	542
546	547	546	547	547	546
549	550	549	550	550	549
556	557	556	557	557	556
562	563	562	563	563	562
569	570	569	570	570	569
571	573	571	573	573	571
574	575	574	575	575	574
577	578	577	578	578	577
579	580	579	580	580	579
581	583	581	583	583	581
584	587	584	587	587	584
591	592	591	592	592	591
593	595	593	595	595	593
599	601	599	601	601	599
602	603	602	603	603	602
607	608	607	608	608	607
609	613	609	613	613	609
617	618	617	618	618	617
619	622	619	622	622	619
623	625	623	625	625	623
629	631	629	631	631	629
632	633	632	633	633	632
634	639	634	639	639	634
641	642	641	642	642	641
643	647	643	647	647	643
648	649	648	649	649	648
651	653	651	653	653	651
655	658	655	658	658	655
659	660	659	660	660	659
661	663	661	663	663	661
667	669	667	669	669	667
672	673	672	673	673	672
676	677	676	677	677	676
678	679	678	679	679	678
682	683	682	683	683	682
685	687	685	687	687	685
691	694	691	694	694	691
697	698	697	698	698	697
701	702	701	702	702	701
703	704	703	704	704	703
708	709	708	709	709	708
713	715	713	715	715	713
716	719	716	719	719	716
720	722	720	722	722	720
723	725	723	725	725	723
727	728	727	728	728	727
730	731	730	731	731	730
732	733	732	733	733	732
735	739	735	739	739	735
740	742	740	742	742	740
743	745	743	745	745	743
747	748	747	748	748	747
751	752	751	752	752	751
753	755	753	755	755	753
757	761	757	761	761	757
763	765	763	765	765	763
766	769	766	769	769	766
771	773	771	773	773	771
775	777	775	777	777	775
778	779	778	779	779	778
783	785	783	785	785	783
787	790	787	790	790	787
791	793	791	793	793	791
796	797	796	797	797	796
799	800	799	800	800	799
801	803	801	803	803	801
807	808	807	808	808	807
809	811	809	811	811	809
814	815	814	815	815	814
817	821	817	821	821	817
822	823	822	823	823	822
824	826	824	826	826	824
827	829	827	829	829	827
831	835	831	835	835	831
836	837	836	837	837	836
839	841	839	841	841	839
848	849	848	849	849	848
850	853	850	853	853	850
856	857	856	857	857	856
859	860	859	860	860	859
863	866	863	866	866	863
869	871	869	871	871	869
873	875	873	875	875	873
877	879	877	879	879	877
881	883	881	883	883	881
886	887	886	887	887	886
889	890	889	890	890	889
891	893	891	893	893	891
894	896	894	896	896	894
897	899	897	899	899	897
901	902	901	902	902	901
905	907	905	907	907	905
908	911	908	911	911	908
914	915	914	915	915	914
919	920	919	920	920	919
921	922	921	922	922	921
923	924	923	924	924	923
928	929	928	929	929	928
934	937	934	937	937	934
939	941	939	941	941	939
942	946	942	946	946	942
947	950	947	950	950	947
953	955	953	955	955	953
956	961	956	961	961	956
962	965	962	965	965	962
966	967	966	967	967	966
968	971	968	971	971	968
973	974	973	974	974	973
977	981	977	981	981	977
982	983	982	983	983	982
984	985	984	985	985	984
991	992	991	992	992	991
993	997	993	997	997	993
998	999	998	999	999	998
1001	1002	1001	1002	1002	1001
1003	1005	1003	1005	1005	1003
1007	1009	1007	1009	1009	1007
1010	1011	1010	1011	1011	1010
1013	1014	1013	1014	1014	1013
1015	1017	1015	1017	1017	1015
1018	1019	1018	1019	1019	1018
1021	1022	1021	1022	1022	1021
1030	1031	1030	1031	1031	1030
1032	1033	1032	1033	1033	1032
1036	1038	1036	1038	1038	1036
1039	1042	1039	1042	1042	1039
1048	1049	1048	1049	1049	1048
1051	1052	1051	1052	1052	1051
1054	1055	1054	1055	1055	1054
1059	1060	1059	1060	1060	1059
1061	1063	1061	1063	1063	1061
1065	1066	1065	1066	1066	1065
1069	1070	1069	1070	1070	1069
1077	1079	1077	1079	1079	1077
1084	1085	1084	1085	1085	1084
1087	1091	1087	1091	1091	1087
1093	1096	1093	1096	1096	1093
1097	1098	1097	1098	1098	1097
1101	1103	1101	1103	1103	1101
1105	1106	1105	1106	1106	1105
1109	1111	1109	1111	1111	1109
1113	1115	1113	1115	1115	1113
1117	1118	1117	1118	1118	1117
1119	1121	1119	1121	1121	1119
1123	1124	1123	1124	1124	1123
1127	1129	1127	1129	1129	1127
1130	1131	1130	1131	1131	1130
1133	1137	1133	1137	1137	1133
1138	1142	1138	1142	1142	1138
1143	1145	1143	1145	1145	1143
1148	1151	1148	1151	1151	1148
1153	1154	1153	1154	1154	1153
